{"text": "\u4f60\u597d,\u6211\u7684\u540d\u5b57\u662f\u5065\u96c4\u3002\u4eca\u5929\u662f\u500b\u7f8e\u9e97\u7684\u4e00\u5929\u3002", "segments": [{"id": 0, "seek": 0, "start": 0.0, "end": 7.0, "text": "\u4f60\u597d,\u6211\u7684\u540d\u5b57\u662f\u5065\u96c4\u3002\u4eca\u5929\u662f\u500b\u7f8e\u9e97\u7684\u4e00\u5929\u3002", "tokens": [50364, 26410, 11, 14200, 15940, 22381, 1541, 44201, 6306, 226, 1543, 12074, 1541, 3338, 9175, 3994, 245, 1546, 2257, 6135, 1543, 50714], "temperature": 0.0, "avg_logprob": -0.2482593992482061, "compression_ratio": 0.8970588235294118, "no_speech_prob": 0.010317686013877392}], "language": "zh"}